name,price,category
American Ranch Breaded Chicken Goujons 500g, €4.25,Butcher
Mortadella Sausage, €14.18,Butcher
New Zealand Lamb French Rack, €42.00,Butcher
Local Pork Chops, €7.64,Butcher
Frozen Sliced Beef, €11.25,Butcher
New Zealand Boneless Shoulder, €23.05,Butcher
Local Chick Wings Tom/herbs, €6.95,Butcher
New Hot Cajun Sausage, €8.99,Butcher
Fresh Whole Turkey, €7.88,Butcher
Local Chick Drumsticks Tom/herbs, €7.50,Butcher
Amadori Kebab 350g, €3.99,Butcher
Osgrow Camel Steak, €75.00,Butcher
Local Capon, €5.50,Butcher
Scotch Aberdeen  Angus  Ox Fillets, €59.50,Butcher
Chicken Thighs Indian Mystery, €10.50,Butcher
Fresh Imported Leg Of Lamb, €24.90,Butcher
Veal Standing Rib, €30.50,Butcher
Chicken Legs Argentina Fire, €6.00,Butcher
Lamb Quarters, €18.40,Butcher
Angus Beef Burger, €11.80,Butcher
American Ranch Breaded Chicken Goujons 500g, €4.25,Butcher
Mortadella Sausage, €14.18,Butcher
New Zealand Lamb French Rack, €42.00,Butcher
Local Pork Chops, €7.64,Butcher
Frozen Sliced Beef, €11.25,Butcher
New Zealand Boneless Shoulder, €23.05,Butcher
Local Chick Wings Tom/herbs, €6.95,Butcher
New Hot Cajun Sausage, €8.99,Butcher
Fresh Whole Turkey, €7.88,Butcher
Local Chick Drumsticks Tom/herbs, €7.50,Butcher
Amadori Kebab 350g, €3.99,Butcher
Osgrow Camel Steak, €75.00,Butcher
Local Capon, €5.50,Butcher
Scotch Aberdeen  Angus  Ox Fillets, €59.50,Butcher
Chicken Thighs Indian Mystery, €10.50,Butcher
Fresh Imported Leg Of Lamb, €24.90,Butcher
Veal Standing Rib, €30.50,Butcher
Chicken Legs Argentina Fire, €6.00,Butcher
Lamb Quarters, €18.40,Butcher
Angus Beef Burger, €11.80,Butcher
Classic Lincs Pork Sausages, €8.99,Butcher
Fresh Local Capons, €5.50,Butcher
Pork & Chive Sausages, €8.99,Butcher
Carvery Rib Scottona, €31.20,Butcher
Italian Beef Fillet, €48.29,Butcher
Fresh Whole Chicken, €4.50,Butcher
New Zealand Leg Of Lamb, €14.50,Butcher
Imported Milk Fed Veal Topside, €24.99,Butcher
Amadori Chicken Nuggets 300g, €3.68,Butcher
Amadori Le Birbe (chicken) Pops 250gr, €3.14,Butcher
Amadori Chicken With Smoked Paprika 500g, €5.20,Butcher
Fresh Imported Lamb Fillets, €29.99,Butcher
New Mexican Chilli Sausage, €8.99,Butcher
Mazzit Ta' Malta, €14.70,Butcher
Fresh Turkey Wings, €4.75,Butcher
Chicken Shish Smokey Bbq, €13.50,Butcher
Uruguay 200 Day Ribeye Grass Fed, €32.50,Butcher
Chicken Breast Cubes, €9.50,Butcher
Rabbit Shoulder, €10.00,Butcher
Whole Pheasants, €14.95,Butcher
Local Pork Hocks, €4.99,Butcher
Amadori Qualita 10+ Fesa Di Tacchino A Fette 400g, €8.66,Butcher
Pork & Mustard Seed Sausages, €8.99,Butcher
Scottona Fillet, €47.90,Butcher
Irish T-bone, €35.20,Butcher
Amadori Cordon Bleu 250g, €3.68,Butcher
Amadori Buona Domenica Ricotta & Spinach 700g, €8.35,Butcher
Pork Celebration Sausages, €8.99,Butcher
New Zealand Lamb Tenderloins, €37.39,Butcher
Amadori Buona Domenica 700g, €8.35,Butcher
Lean Beef Mince, €10.65,Butcher
Local Chick Breast Hot/spicy, €10.50,Butcher
Stuffed Chicken, €14.95,Butcher
Involtini Di Pollo X4, €14.74,Butcher
Amadori Tenders Chicken 280g, €4.99,Butcher
Amadori Gran Burger 280g, €3.68,Butcher
Fresh Local Chicken Necks, €2.65,Butcher
Chicken Drumsticks Mediterrne Herb, €7.50,Butcher
Scotch Marinated Steak, €17.50,Butcher
Local Whole Chick Hot/spicy, €5.70,Butcher
Chicken Bones, €1.00,Butcher
Fresh Imported Capons, €5.50,Butcher
Local Chick Wings Bbq, €6.95,Butcher
Fresh Local Chicken Livers, €4.60,Butcher
"Dafgards Swedish Meatballs, 500g", €6.39,Butcher
Amadori Salsiccia Di Tacchino E Pollo (sausgaes) 650g, €5.94,Butcher
Italian Rib Beef, €13.49,Butcher
Beef Bones, €4.20,Butcher
Local Pork Spare Ribs, €11.96,Butcher
Fresh Turkey Necks, €4.57,Butcher
Usda Heart Rump, €22.50,Butcher
Chicken Thighs Smokey Bbq, €10.50,Butcher
Usda Aged Sirlow, €63.98,Butcher
Pork Rib Roast, €9.99,Butcher
Fresh Lamb Belly Roll, €18.65,Butcher
Chicken Shish Indian Mystery, €13.50,Butcher
Local Pork Stuffed Neck, €10.50,Butcher
Pork & Beef Mince, €9.50,Butcher
Italian Beef Rump Steak, €14.95,Butcher
Smoked Spare Ribs, €12.50,Butcher
Cheeson Soft Cheese Full Fat 150g, €2.55,Chilled & Dairy
Stuffer Da Bere Lattosio Banana 500g, €2.36,Chilled & Dairy
Noel Fuet Vela Extra 170g, €3.36,Chilled & Dairy
Cheese & Sun-dried Tomatoes 200g, €3.85,Chilled & Dairy
Cameo Muu Muu Vaniglia X4, €3.99,Chilled & Dairy
Stuffer Yogurt Latosio  Banana 0.1% 125g, €1.65,Chilled & Dairy
Espana Chorizo Sarta Extra Picante 200g, €2.99,Chilled & Dairy
Alpha Gefsi Cream Cheese Feta & Greek Yogurt Speard 200g, €3.09,Chilled & Dairy
Fiorucci Rostello Afftettato 130g, €5.99,Chilled & Dairy
Parmalat Chef Panna Cremosa E Omogenea 200ml, €1.95,Chilled & Dairy
Danone Hipro Cup Mirtilllo 160g, €1.91,Chilled & Dairy
Arizona Half & Half Iced Tea Tropical 680ml, €1.89,Chilled & Dairy
Alpha Gefsi Spicy Cheese Dip With Feta 200g, €2.74,Chilled & Dairy
Dairymaid Prm.spread 454g, €3.29,Chilled & Dairy
Schar Veggie Pizza Cereali 390g, €5.80,Chilled & Dairy
Arla Cream Cheese Pineapple 200g, €2.52,Chilled & Dairy
Balut Eggs X6, €1.72,Chilled & Dairy
Philadelphia Fantasie Salmone X6, €3.95,Chilled & Dairy
Muller Yogurt Di Crema Ciliegia 250g, €1.56,Chilled & Dairy
Bluecheese Dip, €11.55,Chilled & Dairy
Cheeson Soft Cheese Full Fat 150g, €2.55,Chilled & Dairy
Stuffer Da Bere Lattosio Banana 500g, €2.36,Chilled & Dairy
Noel Fuet Vela Extra 170g, €3.36,Chilled & Dairy
Cheese & Sun-dried Tomatoes 200g, €3.85,Chilled & Dairy
Cameo Muu Muu Vaniglia X4, €3.99,Chilled & Dairy
Stuffer Yogurt Latosio  Banana 0.1% 125g, €1.65,Chilled & Dairy
Espana Chorizo Sarta Extra Picante 200g, €2.99,Chilled & Dairy
Alpha Gefsi Cream Cheese Feta & Greek Yogurt Speard 200g, €3.09,Chilled & Dairy
Fiorucci Rostello Afftettato 130g, €5.99,Chilled & Dairy
Parmalat Chef Panna Cremosa E Omogenea 200ml, €1.95,Chilled & Dairy
Danone Hipro Cup Mirtilllo 160g, €1.91,Chilled & Dairy
Arizona Half & Half Iced Tea Tropical 680ml, €1.89,Chilled & Dairy
Alpha Gefsi Spicy Cheese Dip With Feta 200g, €2.74,Chilled & Dairy
Dairymaid Prm.spread 454g, €3.29,Chilled & Dairy
Schar Veggie Pizza Cereali 390g, €5.80,Chilled & Dairy
Arla Cream Cheese Pineapple 200g, €2.52,Chilled & Dairy
Balut Eggs X6, €1.72,Chilled & Dairy
Philadelphia Fantasie Salmone X6, €3.95,Chilled & Dairy
Muller Yogurt Di Crema Ciliegia 250g, €1.56,Chilled & Dairy
Bluecheese Dip, €11.55,Chilled & Dairy
Quescrem Spread Cheese With Garlic 200g, €3.35,Chilled & Dairy
Steril Yoghurt Maxi Fragola 500g, €1.94,Chilled & Dairy
Muller Bianco Seto Mirtilli E Vanila 2 X 250g, €1.54,Chilled & Dairy
Artichokes Dip, €11.55,Chilled & Dairy
Vitalite Standard 500g, €4.13,Chilled & Dairy
Espana Salchichon Extra 100g, €1.84,Chilled & Dairy
"Berchtesgadener Land Alpenzwerg Organic-chocolate-milk 1,5% 250g", €1.20,Chilled & Dairy
Alpha Gefsi Tzatziki Dip 200g, €2.38,Chilled & Dairy
Halta Margarina Vegetale 250g, €1.03,Chilled & Dairy
Delta Natural Greek Yog 10% 150g, €1.67,Chilled & Dairy
Delta Greek Yogurt 0% Cherry 150g, €1.72,Chilled & Dairy
Zott Monte Single Pot 150g, €1.55,Chilled & Dairy
Wuber Frankfuter 200gr, €2.99,Chilled & Dairy
President Unsalted Butter 250g, €4.82,Chilled & Dairy
Hanini Creamylight Cooking Cream, €1.24,Chilled & Dairy
Discus Coleslaw 250g, €2.52,Chilled & Dairy
Rudolfs Joyful Bio Banana Strawberry Smoothie 260ml, €2.61,Chilled & Dairy
Philadelphia Cottage Cheese 200g, €3.30,Chilled & Dairy
Zott Protein Pudding Caramel 200g, €1.43,Chilled & Dairy
Cucina D'oro Uht Cooking Cream 200ml, €1.08,Chilled & Dairy
I Can't Believe It's Not Butter Spread 500g, €2.99,Chilled & Dairy
Delta Greek Yogurt Coconut Choc  150g, €1.72,Chilled & Dairy
Lurpak Butter Latte Fresco 10 X 100g, €2.59,Chilled & Dairy
Dany Original Chicken Luncheonmeat 300g, €2.65,Chilled & Dairy
Olympus Drink Kefir Plain 1% 500ml, €1.65,Chilled & Dairy
Cranberry Skin Pate, €39.99,Chilled & Dairy
Muller Dessert Proteico Vaniglia Panna 200g, €2.63,Chilled & Dairy
Berchtesgadener Land Bio-fruit Quark Strawberry 200g, €1.76,Chilled & Dairy
Fage Fruyo Coconut 1.3% 150g, €1.87,Chilled & Dairy
Danone Activia 0.1% Pesca 4x125g, €3.50,Chilled & Dairy
Stuffer Dessert Proteico Vaniglia 200g, €1.95,Chilled & Dairy
Kolios Hercules High Protein Greek Yogurt 0% 200g, €1.99,Chilled & Dairy
Danone Hipro Mango 300g, €2.82,Chilled & Dairy
Zott Jogobella Panna Cotta 150g, €0.65,Chilled & Dairy
Valsoia Bonta Salute Yosoi Vaniglia 2 X 125g, €2.25,Chilled & Dairy
Pascual Flavoured Vanilla 4x125g, €2.64,Chilled & Dairy
Devon Double Cream 170g, €4.43,Chilled & Dairy
Lurpak Spreadable Light 250g, €4.54,Chilled & Dairy
Vegan Deli Chives 100g, €3.39,Chilled & Dairy
Montare D'oro Spray  241ml, €2.45,Chilled & Dairy
Camel Brand Salami Dip 230g, €3.69,Chilled & Dairy
Remia Sunflower Margerine 500g + 250g Free, €4.41,Chilled & Dairy
Pascual Yogikids Duo Chocolate 2x80g, €2.85,Chilled & Dairy
Tulip Pancetta A Cubetti 100g, €2.24,Chilled & Dairy
Pinsa Cuore Italiano Integrale 460gr, €6.25,Chilled & Dairy
Divella Tagliatelle Uovo 250g, €1.52,Chilled & Dairy
Danone Actimel Fragola X6, €4.26,Chilled & Dairy
Mevgal Autentic Greek Yogurt 0% Fat 900g, €5.99,Chilled & Dairy
Milk Pro Protein Source Snack Fresco Al Cacao 4x40gr, €6.50,Chilled & Dairy
Camel Brand Capers  X 300g, €2.75,Chilled & Dairy
President Whipping Cream 500ml, €6.69,Chilled & Dairy
Discus Danish White Cheese With Chilli, €1.40,Chilled & Dairy
Muller Mix Pistacchios Mandorle 150g, €1.52,Chilled & Dairy
Parmalat Kyr Fragola 2x125gr, €1.99,Chilled & Dairy
Danone Danacol Fragola 8x100ml, €7.99,Chilled & Dairy
Regilait Frappe Latte Caffe 250ml, €2.27,Chilled & Dairy
Milk Snack Al Latte 4x28g, €1.99,Chilled & Dairy
Country Life Butter Salted 250g, €6.29,Chilled & Dairy
Leoncini Pancetta Affumicata Cubetti 2x50g, €2.27,Chilled & Dairy
Josefa Blue Cheese Dip  195g, €2.19,Chilled & Dairy
The Jelly Bean Factory 36 Huge Flavour Gourmet Popabean Can 100g, €3.48,Confectionery
Barilla Penne Rigate Integrale 500g, €1.64,Confectionery
Mackie's Sea Salt & Vinegar 150g, €2.38,Confectionery
Mr Riley Cheesy Rings 23g, €0.80,Confectionery
Rummo Fettuccine All Uovo 250g, €1.79,Confectionery
Kettle Chips Thai Sweet Chilli 130g, €2.66,Confectionery
Rummo Spaghettini 500g, €1.15,Confectionery
Valor 70% Dark Chocolate Orange Stevia 100g, €2.36,Confectionery
Henderson & Sons Dip Guacamole 300g, €2.98,Confectionery
Valor 70% Dark Chocolate Salt 100g, €2.07,Confectionery
Walkers Salt And Vinegar 32.5g, €0.80,Confectionery
Relkon Egg My Little Pony Heart, €1.42,Confectionery
Jolly Rancher Awesome Twosome Chews 184g, €3.75,Confectionery
Polo Sugar Free 33.4g, €0.82,Confectionery
Alberto Poiatti Stelline 500g, €0.85,Confectionery
Chocolate & Mint, €2.50,Confectionery
Dais Croissants Chocolate 8pk, €2.25,Confectionery
Mister Free`d Vegan Tortilla Chips Cheese 135g, €2.95,Confectionery
Jouyco Flurries Cocoa 120g, €1.07,Confectionery
Pectol Eucalyptus 19.2g, €0.85,Confectionery
Walkers Quavers Cheese 20.5g, €0.99,Confectionery
Dais Croissants Cream 8pk, €2.25,Confectionery
Lindt Lindor Milk Balls 337g, €10.80,Confectionery
"La Molisana Linguine Bronzo N.6, 500g", €1.08,Confectionery
Funlab Ice Pop Dippers 30g, €0.98,Confectionery
Chupa Chups Lollipops, €0.42,Confectionery
Cheese & Onion 32.5g, €0.95,Confectionery
Elledi Double Wafer Lemon 125g, €1.80,Confectionery
Valor 70% Dark Chocolate Raspberry 100g, €2.07,Confectionery
Parfetti Morositas Liquirizia Senza Zucchero, €1.12,Confectionery
Gusparo Roll Frutta 200g, €1.54,Confectionery
Barilla Fusilli 98 1000g, €2.15,Confectionery
Meiji Hazelnut Yan Yan .44g, €1.49,Confectionery
Cadbury Twirl 43g, €0.94,Confectionery
Cadbury Bournville 180g, €3.51,Confectionery
Agnesi Lasagne 500g, €2.34,Confectionery
Ritter Butter Biscuit 100g, €1.95,Confectionery
"Plain Sponge, 20cm", €2.95,Confectionery
La Molisana Fettucine 5 500g, €1.08,Confectionery
Bebeto Ocean Park 80g, €1.14,Confectionery
Pavesi Togo Cioccolato Classico 120g, €2.95,Confectionery
Lol Red Mix Strawberry 110g, €1.58,Confectionery
Cavendish & Harvey Mixed Fruit Candies Decorative Jar 966g, €7.53,Confectionery
Jouyco Chocomallow 150g, €1.45,Confectionery
Frit Ravich Wheels 85g, €1.98,Confectionery
Jannis Hazel Nut Bar 40g, €1.45,Confectionery
Cavendish & Harvey Wine Gums 180g, €1.90,Confectionery
Cote D'or Wholenut 3+1free 4x45g, €3.38,Confectionery
Jack Links Beef Jerky Biltong Clipstrip 25g, €2.75,Confectionery
Catch Dark Chocolate 50g, €0.72,Confectionery
Cachet Pear & Almonds Chocolate 100g, €2.42,Confectionery
Benn Candies Soft 250gr, €1.50,Confectionery
Loacker Tortina Original 21g, €0.60,Confectionery
"Muffins Vanilla, X 6", €3.50,Confectionery
Pata Neutro Crisps 300g, €4.15,Confectionery
Rummo Calamarata 500g, €2.18,Confectionery
De Cecco Polpa Di Pomodoro Corposa 690g, €1.73,Confectionery
Pringles Small Hot Paprika  40g, €1.05,Confectionery
M&ms Peanut Bag 165g, €3.12,Confectionery
Buitoni Golden Rusks 300g, €2.75,Confectionery
Morato Nuvo Latte Classico X10, €3.10,Confectionery
Milka Oreo 100g, €1.86,Confectionery
M&ms Hollow Chocolate Santa 100g, €3.45,Confectionery
Mackie's Tangy Tomato 150g, €2.38,Confectionery
Alberto Poiatti Spaghetti 1kg, €1.35,Confectionery
Cachet Blackberry & Ginger Chocolate 100g, €2.42,Confectionery
Kuchenmeister Sponge Fruit Flan 200g, €3.20,Confectionery
Cadbury Family Treat Size 222g, €3.74,Confectionery
Lemon Cheesecake 20cm, €22.00,Confectionery
Valor 70% Dark Chocolate Caramel 100g, €2.07,Confectionery
Chocolate Cake 24cm, €28.00,Confectionery
Aunt Mabel's Muffin Carrot 100g, €1.70,Confectionery
San Carlo Chips Dore Classico Bar 45g, €1.92,Confectionery
Cavendish & Harvey Tropical Selection Candies - Decorative Jar 300g, €3.36,Confectionery
Dietorelle Strawberry Gums 70g, €2.66,Confectionery
Hazelnuts & White Chocolate Crunch Gateaux 20cm, €22.00,Confectionery
Mixed Assorted Sweets, €0.55,Confectionery
Haribo Tropi Frutti Pack 200g, €2.05,Confectionery
Cofresh Hummus Chips Sea Salt 135g, €2.49,Confectionery
Ritter Chopped Hazelnuts 100g, €1.95,Confectionery
Salted Anchovies, €37.80,Delicatessen
"Cheddar With Apple, Cinnamon And Raisin", €26.00,Delicatessen
Maltese Smoked Sausage, €8.61,Delicatessen
Fiorucci Salame Ungherese, €16.28,Delicatessen
Beaufort Savoie, €49.98,Delicatessen
Galbanone, €16.43,Delicatessen
Latteria Montello Stracchino Nonno Nanni 125g, €3.52,Delicatessen
Bo F Di Castag Cheese, €68.25,Delicatessen
Fior Di Vita Cheddar Garlic & Chive 120g, €2.47,Delicatessen
Zanetti Grana Flakes Cut 100g, €2.50,Delicatessen
Inalpi Fettine Grana Padano 150g, €1.58,Delicatessen
Basiron Pesto Verde Cheese Slices 150g, €3.37,Delicatessen
Lardo Alle Erbe, €15.62,Delicatessen
Negroni Golosino 3 X 250g, €5.90,Delicatessen
Bayernland Edam Sliced 140g, €2.33,Delicatessen
Coombe Castle Lancashire 200g, €3.23,Delicatessen
Lucky Cow Combi 200g, €1.50,Delicatessen
Vonk Cheese Slices Catering 800g, €6.99,Delicatessen
Lacey Light, €20.53,Delicatessen
Ambrosi Pecorino Romano 200g, €7.15,Delicatessen
Salted Anchovies, €37.80,Delicatessen
"Cheddar With Apple, Cinnamon And Raisin", €26.00,Delicatessen
Maltese Smoked Sausage, €8.61,Delicatessen
Fiorucci Salame Ungherese, €16.28,Delicatessen
Beaufort Savoie, €49.98,Delicatessen
Galbanone, €16.43,Delicatessen
Latteria Montello Stracchino Nonno Nanni 125g, €3.52,Delicatessen
Bo F Di Castag Cheese, €68.25,Delicatessen
Fior Di Vita Cheddar Garlic & Chive 120g, €2.47,Delicatessen
Zanetti Grana Flakes Cut 100g, €2.50,Delicatessen
Inalpi Fettine Grana Padano 150g, €1.58,Delicatessen
Basiron Pesto Verde Cheese Slices 150g, €3.37,Delicatessen
Lardo Alle Erbe, €15.62,Delicatessen
Negroni Golosino 3 X 250g, €5.90,Delicatessen
Bayernland Edam Sliced 140g, €2.33,Delicatessen
Coombe Castle Lancashire 200g, €3.23,Delicatessen
Lucky Cow Combi 200g, €1.50,Delicatessen
Vonk Cheese Slices Catering 800g, €6.99,Delicatessen
Lacey Light, €20.53,Delicatessen
Ambrosi Pecorino Romano 200g, €7.15,Delicatessen
Vergeer Pasta Cheese 150g, €2.67,Delicatessen
Proscuitto San Daniele Friulano, €30.24,Delicatessen
Prosciutto Cotto With Herbs, €20.95,Delicatessen
Ambrosi Pecorino Romano Fresh Grated 100g, €4.57,Delicatessen
Ile De France Tartare Cote D'azur 100g, €3.99,Delicatessen
Glenstal Extra Mature Cheddar 200g, €4.10,Delicatessen
Galbani.dolcelatte X150g, €3.62,Delicatessen
Porminho Sandwich Ham 98% Low Fat, €6.98,Delicatessen
Vio Creamy Garlic & Herbs 150g, €3.13,Delicatessen
Bontafette Petto Di Tacchino Arrosto M&c 60gr, €1.21,Delicatessen
Square Blue Cheese, €14.49,Delicatessen
Chamois Dor Cheese, €25.20,Delicatessen
Gardani Crudo 18 Months, €28.09,Delicatessen
Creamy Goat Cheese  With Honey, €30.99,Delicatessen
Kolios Feta 150g, €3.19,Delicatessen
Auricchio Wedge Granapadano 200g, €5.41,Delicatessen
Fior Di Vita Edam Cheese Slices 150g, €2.27,Delicatessen
Montagna Nduja Piccante, €22.93,Delicatessen
Fior Di Vita Mozzarella Cheese Slices 150g, €2.57,Delicatessen
Babybel Mini Rolls 85g, €3.95,Delicatessen
Delta Feta Cheese Block 200gr, €3.75,Delicatessen
Jolly Square Ham, €6.50,Delicatessen
Snowdonia Black Bomber, €31.92,Delicatessen
Rana Ravioli Formaggio 400g, €5.39,Delicatessen
Snowdonia Truffle, €39.38,Delicatessen
Lardo Di Colonnata, €36.75,Delicatessen
Delice Des Cremiers, €31.45,Delicatessen
Babybel Mini 120g, €3.95,Delicatessen
Comte Trad Emot, €32.22,Delicatessen
Basiron Mixed Nuts, €17.17,Delicatessen
Emborg Red Cheddar 200g, €3.84,Delicatessen
Reny Picot Mozzarella Shredded 150g, €2.90,Delicatessen
Bigilla, €7.88,Delicatessen
Auricchio Wedge Parmegiano Reggiano 200g, €6.81,Delicatessen
Brie Goat Cheese, €32.13,Delicatessen
Benna Rikotta 250g, €1.95,Delicatessen
Galbani Mozzarella Di Bufala 125g, €3.72,Delicatessen
Manchego Dop Cheese, €44.95,Delicatessen
Hanini Fresh Goat Gbejniet X2, €2.69,Delicatessen
Dodoni Feta  In Oil And Oregano 150g, €5.37,Delicatessen
Trevalli Formaggio Misto Noci 180g, €3.56,Delicatessen
Auricchio Mozzarella Bufala 125g, €3.17,Delicatessen
La Contadina Mozzarella Di Bufala Lacto Free 125g, €3.19,Delicatessen
Old Irish Cheese Luck'o, €26.20,Delicatessen
Fior Di Vita Havarti Cheese Slices 150g, €2.86,Delicatessen
Olympus Feta Cheese 200g, €3.90,Delicatessen
Cacio Cavallo Fresco, €42.00,Delicatessen
Gbejniet Moxxi Dry, €23.80,Delicatessen
Kerrygold Mild White Cheddar 200g, €3.69,Delicatessen
Mortadella Tartufo, €20.97,Delicatessen
Arla Apetina Feta In Oil 275g, €3.76,Delicatessen
Sant Dalmai Chorizo Extra 100g, €2.71,Delicatessen
Negroni San Daniele Prosciutto Crudo 80g, €4.65,Delicatessen
Chocolate And Orange Cheese, €29.35,Delicatessen
Hanini Fresh Cow  2x100g, €2.49,Delicatessen
Elite Deli To Go Shredded White Cheddar 150g, €2.61,Delicatessen
Gouda Cheese Lactose Free, €18.11,Delicatessen
Morbier Cheese, €31.50,Delicatessen
Chicken Roll ( On Offer ), €11.50,Delicatessen
Stuffed Vine Leaves, €21.78,Delicatessen
Nettuno Mussel Meat 500g, €4.91,Fish
Tuna With Herbs - Gourmet, €19.00,Fish
Homemade Smoked Salmon - Fish, €36.50,Fish
Frosta Bocconcini Di Merluzzo 280g, €4.96,Fish
Findus Merluzzo Grigliato Pomodoro 250g, €5.99,Fish
Thai Tapas Prawn Gyoza 1kg, €17.80,Fish
Vongole Sgusciate Precotte Congelate 250gr, €3.99,Fish
Salmon Carpaccio Sashimi  - Fish, €30.00,Fish
Arbi Ragu Di Polpo 220g, €5.89,Fish
Sushi Roll Platter Set A, €7.50,Fish
Gallina -gurnard(local) (gourmet), €29.00,Fish
Tuna Belly, €5.50,Fish
Findus Crispy Cod Fillet 360g, €7.99,Fish
Frosta Croccanti Agli Spinaci 220g, €3.99,Fish
Mussels Fish, €5.50,Fish
Donegal Catch Battered Cod Fillets 400g, €11.75,Fish
Gurbell-meagre  ( Local ) - Fish, €12.00,Fish
Frozen Cooked Squid Tentacles 1kg, €10.90,Fish
Frozen Fish Burgers, €4.90,Fish
"Highland Harvest Smoked Salmon, 200g", €9.79,Fish
Nettuno Mussel Meat 500g, €4.91,Fish
Tuna With Herbs - Gourmet, €19.00,Fish
Homemade Smoked Salmon - Fish, €36.50,Fish
Frosta Bocconcini Di Merluzzo 280g, €4.96,Fish
Findus Merluzzo Grigliato Pomodoro 250g, €5.99,Fish
Thai Tapas Prawn Gyoza 1kg, €17.80,Fish
Vongole Sgusciate Precotte Congelate 250gr, €3.99,Fish
Salmon Carpaccio Sashimi  - Fish, €30.00,Fish
Arbi Ragu Di Polpo 220g, €5.89,Fish
Sushi Roll Platter Set A, €7.50,Fish
Gallina -gurnard(local) (gourmet), €29.00,Fish
Tuna Belly, €5.50,Fish
Findus Crispy Cod Fillet 360g, €7.99,Fish
Frosta Croccanti Agli Spinaci 220g, €3.99,Fish
Mussels Fish, €5.50,Fish
Donegal Catch Battered Cod Fillets 400g, €11.75,Fish
Gurbell-meagre  ( Local ) - Fish, €12.00,Fish
Frozen Cooked Squid Tentacles 1kg, €10.90,Fish
Frozen Fish Burgers, €4.90,Fish
"Highland Harvest Smoked Salmon, 200g", €9.79,Fish
Salmon Sweet Chilli &  Lime & Corriander - Fish, €22.00,Fish
Findus Croccole 2pcs 216g, €7.95,Fish
Cippulazza ( Scorpion Fish ) ( Local ) - Fish, €26.00,Fish
Vici Salmon Steaks 2x125g, €8.90,Fish
La Ciurma Filetti Di Meluzzo 640g, €6.99,Fish
Findus Croccole Con Omega 3pcs 200g, €7.95,Fish
Frosta Bastoncini Salmone 10 X 300g, €6.82,Fish
Frozen Neonati, €16.00,Fish
Sushi Mix Platter Set F, €8.50,Fish
Nettuno Superior Seafood 500g, €6.29,Fish
Xxl Giant Prawns, €41.95,Fish
Natural Cool Organic Mangos 300g, €4.95,Fish
Donegal Catching 2 Xl Battered Fish Fillets 300g, €5.94,Fish
La Ciurma Shrimps 500g, €9.52,Fish
Bird's Eye 4 Fish Fillets In Batter 400g, €6.65,Fish
Youngs  Flipper Dippers 250g, €3.35,Fish
Genepesca Tentazione Cozze 300g, €4.95,Fish
Donregal Catch Fish Nuggets 250g, €4.68,Fish
Findus Fish & Crispy Fillet 480g, €7.79,Fish
Natural Cool Organic Blueberries 300g, €5.24,Fish
Arbi Condiscoglio Pomodoro 450g, €5.89,Fish
Dott Steak-wreckfish ( Local ) - Fish, €29.95,Fish
Lobster (local) - Fish, €39.00,Fish
Condipresto Frozen Ready Made Mixed Seafood Sauce 450g, €5.19,Fish
King Prawns Rossi 03 ( Local ) - Fish, €48.50,Fish
Seafood Mix, €8.95,Fish
Findus Nuggets Di Merluzzo D'alaska 245g, €5.89,Fish
Findus Filetti Di Merluzzo 360g, €8.99,Fish
Findus Merluzzo Gratin.sz Gluti 380g, €7.99,Fish
Pagell -pandora  (red Snapper) - Fish, €14.95,Fish
Pork Spring Roll X12, €3.95,Fish
Youngs 10 Omega 3 Fish Finger 250g, €3.55,Fish
Arbi Condivongola 450g, €6.35,Fish
Homemade Smoked Acciola, €37.75,Fish
Findus Croustibat Fish Fingers 12 Pack 360g, €5.75,Fish
Vici Breaded Maxi Shrimps 300g, €3.95,Fish
Cuttle Fish(sicc) With Herbs, €19.95,Fish
Fidagel Calamari 10/15 500g, €8.99,Fish
Planets Pride Vannamei Shrimp 750g, €13.12,Fish
Salmon Nigiri (g), €5.95,Fish
Seabass (spnotta) With Herbs- Gourmet, €10.95,Fish
Planets Pride Octupus Baby 800g, €13.63,Fish
Norlax Smoked Salmon 200g, €9.99,Fish
Mare Pronto The Fish Burger Tonno 170gr, €4.99,Fish
Tragni-weaver, €19.95,Fish
Kirkland Signature Tempura Shrimp 30 Ct 1.07kg, €31.34,Fish
Ittitalia Ocean Catch Fish Fingers 300g, €2.89,Fish
Findus Fish Fingers 14pcs 350g, €4.86,Fish
Youngs 4 Battered Cod Fillet 440g, €9.79,Fish
Wiva Mare Sugo A/vongole Mare 350g, €4.99,Fish
Planets Pride Bao Buns Folded Black 990g 22pcs, €15.22,Fish
Youngs 4 Battered Fish Fillet 400g, €6.99,Fish
Donegal Catach Cider Batterd Haddock 270g, €6.75,Fish
Smoked Erringi, €14.45,Fish
Wakame Salad - Fish, €25.00,Fish
Rizzi, €19.50,Fish
Sushi Mix Platter Set B, €8.50,Fish
Klaas Puul Seafood Mix 500g, €5.52,Fish
Wiva Mare Condipresto Pronto Scoglio Pomodoro, €4.99,Fish
Mare Pronto The Fish Burger Salmone 170gr, €5.99,Fish
Kiwi Small, €4.75,Fruits & Vegetables
Aloc X Amazonica, €16.18,Fruits & Vegetables
"Pineapple, Fennel & Ginger Juice", €2.95,Fruits & Vegetables
Tofu/vegetable Kebab, €1.25,Fruits & Vegetables
Aglaonema, €23.60,Fruits & Vegetables
Pink Oyster Mushrooms, €50.06,Fruits & Vegetables
White Diced Onions 200g, €0.99,Fruits & Vegetables
Peperomia, €11.67,Fruits & Vegetables
Apple Wedges, €0.98,Fruits & Vegetables
Aloc X Amazonica, €52.99,Fruits & Vegetables
Calat Sanderiana, €52.99,Fruits & Vegetables
Potatoes ( 4kg Bag ), €4.80,Fruits & Vegetables
Rhubarb Per Kg, €8.02,Fruits & Vegetables
Coriander In Pot, €4.13,Fruits & Vegetables
Pears ( Peeled Prickley Pears ), €4.95,Fruits & Vegetables
Hericot Verts, €3.74,Fruits & Vegetables
Carrots Spaggetti Fresh, €2.95,Fruits & Vegetables
Chicken Hazelnut Ceaser, €5.95,Fruits & Vegetables
Barlotti Pears, €4.95,Fruits & Vegetables
Vriesea Astrid, €15.12,Fruits & Vegetables
Kiwi Small, €4.75,Fruits & Vegetables
Aloc X Amazonica, €16.18,Fruits & Vegetables
"Pineapple, Fennel & Ginger Juice", €2.95,Fruits & Vegetables
Tofu/vegetable Kebab, €1.25,Fruits & Vegetables
Aglaonema, €23.60,Fruits & Vegetables
Pink Oyster Mushrooms, €50.06,Fruits & Vegetables
White Diced Onions 200g, €0.99,Fruits & Vegetables
Peperomia, €11.67,Fruits & Vegetables
Apple Wedges, €0.98,Fruits & Vegetables
Aloc X Amazonica, €52.99,Fruits & Vegetables
Calat Sanderiana, €52.99,Fruits & Vegetables
Potatoes ( 4kg Bag ), €4.80,Fruits & Vegetables
Rhubarb Per Kg, €8.02,Fruits & Vegetables
Coriander In Pot, €4.13,Fruits & Vegetables
Pears ( Peeled Prickley Pears ), €4.95,Fruits & Vegetables
Hericot Verts, €3.74,Fruits & Vegetables
Carrots Spaggetti Fresh, €2.95,Fruits & Vegetables
Chicken Hazelnut Ceaser, €5.95,Fruits & Vegetables
Barlotti Pears, €4.95,Fruits & Vegetables
Vriesea Astrid, €15.12,Fruits & Vegetables
Pear ( Prickly Pears ) Per Kg, €3.45,Fruits & Vegetables
Fic Beng Roy, €12.79,Fruits & Vegetables
Doreoc Special Frites 2.5kg, €2.95,Fruits & Vegetables
Vegetable Couscous, €8.93,Fruits & Vegetables
Peperomia, €11.42,Fruits & Vegetables
Fruit Salad Cups, €2.25,Fruits & Vegetables
Ger Colourgame Gem, €5.10,Fruits & Vegetables
"White Grapes, 1kg", €4.95,Fruits & Vegetables
Dra Gem, €19.34,Fruits & Vegetables
Pumpkin Qararotta, €1.75,Fruits & Vegetables
Beef & Fagioli Soup 500ml, €4.95,Fruits & Vegetables
Apple & Ginger Juice 500ml, €5.75,Fruits & Vegetables
Chicken Katsu Baguette, €5.45,Fruits & Vegetables
"Papaya,mango & Dragon Fruit Platter", €3.95,Fruits & Vegetables
Ro Baby Jewel, €6.69,Fruits & Vegetables
Kiwi Gold, €8.00,Fruits & Vegetables
Coconut, €1.65,Fruits & Vegetables
Aloe Vera, €12.41,Fruits & Vegetables
Avocado Ready To Eat Per Piece, €1.40,Fruits & Vegetables
Naga Jolokia 80g, €10.96,Fruits & Vegetables
Swede Per Kg, €2.69,Fruits & Vegetables
Wallnuts In Figs/dates/apricots, €16.95,Fruits & Vegetables
Aubergines By Kg, €3.24,Fruits & Vegetables
Spaghetti Squash Per Kg, €4.70,Fruits & Vegetables
Cut Beans, €12.63,Fruits & Vegetables
Red Watermelons Quarter, €3.22,Fruits & Vegetables
Nettle Leaves 110g, €4.12,Fruits & Vegetables
Mixed Fruit Smoothie, €2.95,Fruits & Vegetables
Ginger, €6.80,Fruits & Vegetables
Erica Darley White Perfect, €4.78,Fruits & Vegetables
Chrys Gem In Pot, €5.86,Fruits & Vegetables
Plum Vine Tomatoes, €5.31,Fruits & Vegetables
Yellow French Beans By Kg, €16.13,Fruits & Vegetables
Mango Smoothie, €2.95,Fruits & Vegetables
Shredded Tri Colori X300g, €1.98,Fruits & Vegetables
Calat Ov, €10.10,Fruits & Vegetables
Pomegranate Seed, €3.95,Fruits & Vegetables
Ginger & Turmeric Shots 150ml, €2.75,Fruits & Vegetables
Carrots With Leafs, €2.06,Fruits & Vegetables
Turnips ( Foreign Turnips ), €2.19,Fruits & Vegetables
Apples ( Golden Delicious Apples ) By Kg, €2.82,Fruits & Vegetables
Pineapple ( Peeled Pineapple ), €3.75,Fruits & Vegetables
Sliced Red Onions 500g, €1.75,Fruits & Vegetables
Marjoram In Pot, €4.20,Fruits & Vegetables
Figs ( Fresh Figs ) By Kg, €33.82,Fruits & Vegetables
Ro Am Inf Soft Pink, €7.93,Fruits & Vegetables
Toffee & Cinnamon Apple Granola Cup, €2.45,Fruits & Vegetables
Baby Roses Plantx12, €55.00,Fruits & Vegetables
Pachira Aquatica, €15.13,Fruits & Vegetables
Duck Bao Buns, €7.45,Fruits & Vegetables
Yellow Tomatoes, €6.19,Fruits & Vegetables
Pteris Straminea, €9.62,Fruits & Vegetables
Mill Kcina Taz Zija Freskezza Spinach 300g, €2.74,Fruits & Vegetables
Figs Smoothie, €2.95,Fruits & Vegetables
Herbs ( Fresh Thyme ) Pkts, €1.45,Fruits & Vegetables
Baby Spinach 350g, €5.50,Fruits & Vegetables
Mustard Ground 350g, €4.35,Fruits & Vegetables
Grapefruit Juice 250ml, €2.58,Fruits & Vegetables
Arr  Strelitzia L%, €15.38,Fruits & Vegetables
Beg Du Gem, €7.81,Fruits & Vegetables
Mlindo Blue Liquid 930ml, €2.50,Household
Brown Watson Now I Can Read:stories For Boys, €5.50,Household
Sbc Hair Stylist Doll, €11.99,Household
Lunch Cube Assorted, €8.07,Household
Collage Open Fem Conv, €1.75,Household
De Fonseca Winter Roma Top Ladie Bed Slippers, €14.90,Household
Babylino Unisex Pants No5 10-16kg 26pcs, €8.78,Household
Digital Kitchen Scales 500 G accura, €33.61,Household
Chicco Breast Pads 30pcs, €5.79,Household
Vivace Soft Conditioner White Tale 4l, €3.36,Household
Heat Holders Ladies Lounge Socks Aucklandstripe Silver Grey, €12.95,Household
Mustela Baby Massage Oil 100 Ml, €8.99,Household
Areon Wild, €1.00,Household
Huggies Unisex Grande 15-30 Kg 34pcs, €14.45,Household
Car Pride Screen Wash 1l, €3.41,Household
My Beach Spirit Ladies Flip Flop Paisley, €6.95,Household
Glade Sense & Spray  Mela E Cannella 18ml, €3.95,Household
Curlimals Bibi Bunny, €23.74,Household
Bags Food/freezer Slide Seal 18x21cm 20pk X24, €3.17,Household
"10x9,5x13cm Pumpkin", €5.00,Household
Mlindo Blue Liquid 930ml, €2.50,Household
Brown Watson Now I Can Read:stories For Boys, €5.50,Household
Sbc Hair Stylist Doll, €11.99,Household
Lunch Cube Assorted, €8.07,Household
Collage Open Fem Conv, €1.75,Household
De Fonseca Winter Roma Top Ladie Bed Slippers, €14.90,Household
Babylino Unisex Pants No5 10-16kg 26pcs, €8.78,Household
Digital Kitchen Scales 500 G accura, €33.61,Household
Chicco Breast Pads 30pcs, €5.79,Household
Vivace Soft Conditioner White Tale 4l, €3.36,Household
Heat Holders Ladies Lounge Socks Aucklandstripe Silver Grey, €12.95,Household
Mustela Baby Massage Oil 100 Ml, €8.99,Household
Areon Wild, €1.00,Household
Huggies Unisex Grande 15-30 Kg 34pcs, €14.45,Household
Car Pride Screen Wash 1l, €3.41,Household
My Beach Spirit Ladies Flip Flop Paisley, €6.95,Household
Glade Sense & Spray  Mela E Cannella 18ml, €3.95,Household
Curlimals Bibi Bunny, €23.74,Household
Bags Food/freezer Slide Seal 18x21cm 20pk X24, €3.17,Household
"10x9,5x13cm Pumpkin", €5.00,Household
Men Thermal V/neck L/sleeve Vest Whitem, €14.50,Household
Les Lavandieres Pietra Sgrassante 500g, €7.24,Household
Hg Bathshine 500ml, €5.76,Household
Christmas Lighted Glass With Winter Scene 9x20cm, €15.95,Household
Whitakers Milk Smokey Salted Caramel Squares 150gr, €4.95,Household
"Rect-cont.,1.2lt80100590190 Hei1908", €4.12,Household
Eurolamp Extreme Power Battery Aaa 1.5v 4pcs, €2.20,Household
Tescoma Table Knife 12 Cm 6 Pcs Red Presto, €10.29,Household
Dim Cotton Ladies Boxers/panties [4h01], €14.99,Household
Candle Numeral Deluxe - 8, €1.36,Household
Dream Baby Toothbrush Set 3 Stage White, €6.99,Household
Nuvoletta Casa Alla Lavanda 3ltr, €3.68,Household
Hotpack Biodegradable Picnic Set X12, €4.80,Household
De Fonseca Ladies Wedge Flip Flops, €12.90,Household
Sperlari Tartufi Di Chocolate Assortiti 160g, €5.50,Household
Culpitt Select Baking Cases Red 50mm X50pcs, €4.42,Household
Areon Orient, €1.50,Household
Bialetti Dynamic Stone Frying Pan 30cm, €20.66,Household
Navigate Monochrome Tile Stainless Steel Drinks Bottle 500ml, €22.98,Household
Barbxp Precision Beard Trimmer, €19.99,Household
Noel Tatt Wedding Ing -dj324, €2.50,Household
Zippo Reading Glasses, €10.95,Household
Nick Explosions X 6, €16.99,Household
Vernel Softener Conc. 48 Lavender Lavender 1.2ltr, €3.99,Household
Pampers Pants 4 Maxi X23, €9.33,Household
Glade Auto Refill Berry 269ml, €5.37,Household
Hallmark 50 Years Code 50 - 2, €2.50,Household
Oust 3in1 Aerosol  400ml, €5.48,Household
Hallmark Friend Birthday Code 90 -fr2, €3.75,Household
Clg Gift Bag Small Quilted Lilac (6), €1.50,Household
Astonish 2in1 Non Bio Laundry Liquid Secret Garden 840ml, €4.99,Household
Energizer Lithium Battery Cr2025 Fsb2, €4.40,Household
Miles Kelly Flashcards Spot Dinosaurs, €7.99,Household
Live Up Waist Support, €14.16,Household
Vileda Spazola Margherita, €5.45,Household
Vernel Softener Conc.lotus Washes 1.15lt 46w, €3.99,Household
Chicco Advanced Cup 12m Girl, €12.44,Household
Balocco Torta Limone 400g, €5.12,Household
Dim Basic Dim Basic Fascination X2 15d  35/41, €3.60,Household
De Fonseca Winter Bormio Men Bed Slippers, €20.90,Household
Hallmark Mum Birthday Code 75 - F39, €3.25,Household
M Square Roaster, €5.72,Household
Cadbury 3d Advent Calendar Uk 308g, €15.47,Household
Christmas Poinsettia White 25cm, €2.50,Household
Greeting Cards Code 50, €2.25,Household
Live Up Patella Support, €5.60,Household
Septona Wipes Orange Blossom 15pc 2+2 Pk Promo, €1.75,Household
Zippo Reading Glasses, €10.95,Household
Fairy Dishwasher Wash Platinum Lemon 20 Tabs, €5.74,Household
Logex 2 Metalic Sponges 30g, €1.52,Household
Duracell Optimum Aa Alkaline X 8 Batteries, €14.12,Household
Igloo Books Puzzles For Kids Marvellous Wrdsearch, €2.99,Household
Dp Dino World Torch W Visual Effects, €6.95,Household
Noel Tatt Sister Birthday -dn33b, €1.99,Household
Ariel Pods Color 33x21.7g, €12.99,Household
Xmas Lights Led B/o Timer Warm White 200b, €19.50,Household
Petali Scented Glass Cotton, €2.99,Household
Tescoma Glass Cover Cm.22 Unicover, €11.96,Household
Vileda Scopa Doppio Angolo, €5.99,Household
Gdh Cat Tivity Karaoke, €18.05,Household
Smart Organic Sesame Seeds 250g, €2.74,Organic
Misura Biscotti Fibrextra Integrali 330g, €3.06,Organic
Alpro Yofu Nas Single Passion Fruit 135g, €1.53,Organic
Kelkin Peanut Butter Smooth 350g, €4.12,Organic
Powerbar Natural Energy Bar Vegan Sweet And Salty 40g, €1.42,Organic
Biona Rye Bread Amaranth 500g, €3.37,Organic
Damhert Apricot Jam 210g, €2.58,Organic
Pensa Bio Pealed Sunflower Seeds 250g, €2.54,Organic
Vitalp Sugar Free Orange 25g, €1.20,Organic
Biona Cider Vinegar Mother 750ml, €4.28,Organic
Dragon Tapioca Flour 200g, €2.92,Organic
Biona Agave Light Syrup 700g, €8.95,Organic
Dragon Immunity Mix 150g, €12.51,Organic
Eat Real Chips Straws Veggie Kale 113g 66c Off, €1.89,Organic
Bombus Raw Energy Maracuja & Coconut 50g, €0.95,Organic
Servivita Bbq Sauce 320ml, €4.19,Organic
Meridian Peanut & Coconut Butter 280g, €5.60,Organic
Schar Cereal Flakes 300g, €4.05,Organic
Dragon Turmeric Curcuma Powder 150g, €4.33,Organic
Rice Up Rice Cakes Millet & Amaranth 120g, €1.13,Organic
Smart Organic Sesame Seeds 250g, €2.74,Organic
Misura Biscotti Fibrextra Integrali 330g, €3.06,Organic
Alpro Yofu Nas Single Passion Fruit 135g, €1.53,Organic
Kelkin Peanut Butter Smooth 350g, €4.12,Organic
Powerbar Natural Energy Bar Vegan Sweet And Salty 40g, €1.42,Organic
Biona Rye Bread Amaranth 500g, €3.37,Organic
Damhert Apricot Jam 210g, €2.58,Organic
Pensa Bio Pealed Sunflower Seeds 250g, €2.54,Organic
Vitalp Sugar Free Orange 25g, €1.20,Organic
Biona Cider Vinegar Mother 750ml, €4.28,Organic
Dragon Tapioca Flour 200g, €2.92,Organic
Biona Agave Light Syrup 700g, €8.95,Organic
Dragon Immunity Mix 150g, €12.51,Organic
Eat Real Chips Straws Veggie Kale 113g 66c Off, €1.89,Organic
Bombus Raw Energy Maracuja & Coconut 50g, €0.95,Organic
Servivita Bbq Sauce 320ml, €4.19,Organic
Meridian Peanut & Coconut Butter 280g, €5.60,Organic
Schar Cereal Flakes 300g, €4.05,Organic
Dragon Turmeric Curcuma Powder 150g, €4.33,Organic
Rice Up Rice Cakes Millet & Amaranth 120g, €1.13,Organic
Pasta Natura Organic Gluten Free Penne Peas 250g, €2.56,Organic
Schar Wafers Lemon 125g, €2.13,Organic
Golden Harvest Gf Buns X2, €2.11,Organic
Brain Foods Hazelnut Wafer 40g, €2.32,Organic
Biona Spelt Noodles 250g, €3.99,Organic
Biona Pumpernickle Bread 500g, €3.32,Organic
Servivita Spicy Chilli 320ml, €4.24,Organic
Tezori Gluten Free Vegan Ftira 200g, €1.90,Organic
Schar Fette Croccanti Toast 150g, €1.94,Organic
Rebeko Mayonnaise Sauce 425ml, €5.57,Organic
Sanum Per Fructus Acacia Honey 300g, €5.73,Organic
Pensa Bio Pearly Spelt 500g, €3.61,Organic
Radisson Diet Whole Rice Cakes 130g, €1.94,Organic
Skinny Bar Cookies & Cream 60g, €2.26,Organic
Aubergines Organic, €3.70,Organic
Sz Dolce Soffice No Added Sugars 650g, €14.07,Organic
Mr.yummy Black Cookie Protein Bagel 60g, €1.92,Organic
Riso Scotti Bio Rice And Almond 1l, €2.47,Organic
Plants Smooth Roasted Almond Butter With Ginger Cinnamon & Vanilla 170g, €5.28,Organic
Pensa Bio Biscotti Integrali Farro Uvetta Bacche Goji Bio  250g, €3.94,Organic
Apples ( Organic Apples ), €8.16,Organic
Skinny Crunch Chocolate Hoops & Marshmallows Cereal 375g, €4.18,Organic
Servivita Balsamic Dressing  320ml, €4.24,Organic
Riso Scotti Riso Vital Soya 1l, €1.48,Organic
Body Attack Protein Donut Blueberry 60g, €2.64,Organic
Orgran Pasta Garden Veggie Spirals 350g, €4.97,Organic
Trevijano Quinoa 1kg, €8.95,Organic
Whole Earth Butter Original Smooth Peanut 1kg, €11.76,Organic
Im Protein Creme Choc Almond 250g, €7.39,Organic
Pellito Lov Almond & Greek Raisin Oat Bites 70g, €2.16,Organic
Pensa Bio Curry 40g, €3.18,Organic
Vivo Shaker, €13.35,Organic
Genuine Coconut Chips Vanilla & Cacao 34g, €1.25,Organic
Biona Organic Tempeh 400g, €5.24,Organic
Made Good Granola Bars Chocolate Chip 144g, €4.14,Organic
Rummo Legume Maccheroncelli 300g, €2.65,Organic
Pukka Organic Turmeric Gold X20, €6.07,Organic
Brain Foods Flapjack Chocolate & Orange 70g, €2.79,Organic
Doves Farm Flour Gluten Free White Bread 1kg, €4.08,Organic
Delba Organic Sunflower Seed Bread, €1.98,Organic
Lovemore Stem Ginger Cookies 150g, €4.95,Organic
Orgran Spliits Pumpkin 125g, €4.03,Organic
Healthy Leaf Chocolate Organge Truffles 135g, €5.80,Organic
Pukka Organic Three Ginger X20, €6.07,Organic
Orgran Mix Brownie Choc 400g, €5.02,Organic
Orgran Pasta Rice & Corn Macaroni Large 350g, €4.97,Organic
Deliciously Ella Apple Oat Bar 50g, €1.73,Organic
Schar Pasta Pipe 500g, €2.98,Organic
Rice Up Rice Cakes 120g Super Seeds, €1.24,Organic
Rice Up Bar Dark Chocolate Orange 18g, €0.39,Organic
Purasana Vegan Protein Mix 55%pea Sunflower Hemp Banana 400g, €19.19,Organic
Nature Oat & Almond Drink 1l, €2.13,Organic
Riso Scotti Riso Vital Rice Coconut Added Sugar 1l, €1.80,Organic
Deliciously Ella Hazelnut Nut Butter Balls 36g, €2.11,Organic
Gen Veg Taro Truffata Chips 45g, €1.75,Organic
Pasta Natura Gluten Free Oat Flour 250g, €2.98,Organic
The Beginnings Oat Caramel Cookies Soft Baked 80g, €3.60,Organic
Nairns Oatcakes Gluten Free Oat Cakes 200g, €3.46,Organic
Mestemacher Sunflower Bread 500g, €2.60,Organic
Diablo Sugar Free Chocolate Muffin 45g, €0.77,Organic
Schesir Cat Food Tuna Chicken & Shrimp 85g, €1.33,Pets
Beef W. Spaezle & Courgettes - 125g, €1.44,Pets
Princess Premium Gld Chicken & Tuna & Rice & Scal Lvr & Urni 170g, €1.96,Pets
Trixie Fur Care Glove, €5.75,Pets
"Trixie Premio Chicken Cheese Stripes, 100g", €2.92,Pets
Little Bigpaw Gourmet Atlantic Salmon Mousse 85g, €1.35,Pets
Monge Dog Fruit Salmon Pear Pate & Chunks 100g, €1.28,Pets
Amore Mio Salviettine Cani E Gatti X 36 Pz., €2.55,Pets
Monge Dog Solo Rabbit 150g, €1.99,Pets
Schesir Dog Food Medium Main Fish 3kg, €12.23,Pets
Vitakraft Royal Bones 60g, €2.13,Pets
"Chewing Bone, Pressed, 10 Cm, 3 × 33 G", €2.11,Pets
Vitakraft Dog Maxis Sausages 180g, €2.98,Pets
Attitude Pet Air Purifier Lavender, €6.71,Pets
Iams 12x85g, €6.95,Pets
Encore Dog Tin Ckn Ham Veg 156g, €1.64,Pets
Chipsi Plus Strawberry 15l, €1.95,Pets
Purina One Urinary Care Adult Chicken And Wheat Dry 750g, €5.30,Pets
Schesir Dog Food Chicken & Beef 150g, €1.81,Pets
Duck W. Rice & Lingonberry - 125g, €1.44,Pets
Schesir Cat Food Tuna Chicken & Shrimp 85g, €1.33,Pets
Beef W. Spaezle & Courgettes - 125g, €1.44,Pets
Princess Premium Gld Chicken & Tuna & Rice & Scal Lvr & Urni 170g, €1.96,Pets
Trixie Fur Care Glove, €5.75,Pets
"Trixie Premio Chicken Cheese Stripes, 100g", €2.92,Pets
Little Bigpaw Gourmet Atlantic Salmon Mousse 85g, €1.35,Pets
Monge Dog Fruit Salmon Pear Pate & Chunks 100g, €1.28,Pets
Amore Mio Salviettine Cani E Gatti X 36 Pz., €2.55,Pets
Monge Dog Solo Rabbit 150g, €1.99,Pets
Schesir Dog Food Medium Main Fish 3kg, €12.23,Pets
Vitakraft Royal Bones 60g, €2.13,Pets
"Chewing Bone, Pressed, 10 Cm, 3 × 33 G", €2.11,Pets
Vitakraft Dog Maxis Sausages 180g, €2.98,Pets
Attitude Pet Air Purifier Lavender, €6.71,Pets
Iams 12x85g, €6.95,Pets
Encore Dog Tin Ckn Ham Veg 156g, €1.64,Pets
Chipsi Plus Strawberry 15l, €1.95,Pets
Purina One Urinary Care Adult Chicken And Wheat Dry 750g, €5.30,Pets
Schesir Dog Food Chicken & Beef 150g, €1.81,Pets
Duck W. Rice & Lingonberry - 125g, €1.44,Pets
Dreamies Cheese 60g, €1.89,Pets
Kidney Turtle Bowl Small, €2.93,Pets
Princess Pouch Chicken & Tuna Rice & Shrimp Urinary 70g, €1.31,Pets
Lily's Kitchen Dog Food Slow Cooked Lamb Hotpot 400g, €3.50,Pets
Princess Premium Chicken Tuna & Shrimp 70g, €1.23,Pets
Lily's Kitchen Dog Dry Food Organic Chicken Bake 1kg, €12.46,Pets
Vitakraft Boony Bits Medium 120g, €2.19,Pets
Monge Lechat Dry Kitten Chicken & Rice 1.5kg, €5.64,Pets
Leonardo Kitten 2kg, €20.78,Pets
Miglior Gatto Litter 5kg, €3.22,Pets
Rhinestone Cat Harness + Leash Small, €5.87,Pets
Whiskas Sticks Salmone 18g, €1.25,Pets
"Trixie Kitty Collar, Flower & Butterfly, Reflective, 8 Mm", €2.59,Pets
Trixie Christmas Gingerbread Dangling Toy Plush 28cm, €9.58,Pets
Sheba Fresh & Fine Fish Pouches 6x50g, €3.95,Pets
Schesir Cat Food Food Tuna & Hake 85g, €1.33,Pets
Whiskas Duo Mariemonti 4x85gr., €2.95,Pets
Natural Code Cat Pou Beef 70g, €1.22,Pets
Pure Chicken - 400g, €2.65,Pets
Princess Premium Nature's Power Chicken 200g, €1.89,Pets
Miglior Cane Unico Adult Medium Pate Turkey 400g, €1.58,Pets
Purina Gourmet Perle Chef Collection 40x85g, €20.59,Pets
Felix As Good As It Looks Chicken 100g, €0.55,Pets
Gourmet Perle Wet Cat Food Seaside Duo 12x85g, €7.81,Pets
Prince Ocean's Bounty With Papaya & Apple 400g, €2.46,Pets
Encore Cat Pch Ckn Rce 70g, €1.23,Pets
Little Bigpaw Gourmet Tender Chicken Mousse 85g, €1.35,Pets
Princess Premium Class Chicken Lamb & Rice 170g, €1.89,Pets
Princess Lifestyle Pouches Chunks Salmon 100g, €0.82,Pets
Monge Dog Fresh Lamb Foil 100g, €1.28,Pets
Schesir Chicken & Pumpkin 285g, €2.87,Pets
Natural Code Snack Adult Manzo E Curcuma 60g, €1.90,Pets
Kidney Turtle Bowl Lg, €5.39,Pets
Schesir Tuna & Mango 75g, €1.44,Pets
Schesir Chicken & Aloe 140g, €1.90,Pets
Padovan Aqua Gold 100ml, €2.21,Pets
Rabbit Cage 85 X 49 X 37 Cm, €28.91,Pets
Van Cat Grey 10l, €9.57,Pets
Pedigree Treat Beef Rodeo 4 Pcs 70g, €1.25,Pets
Vitakraft Poesie Mousse Pollo/chick 85g, €0.79,Pets
Leonardo Fish & Shrimp, €1.30,Pets
Bird Toy, €4.89,Pets
Pedigree Dry Beef 3kg, €9.90,Pets
Pedigree Tasty Minis Cheesy Nibbles 140g, €1.96,Pets
Vitakraft Poesie Creation Sauce Crrt+beef 85g, €0.79,Pets
Princess Taste Of Nature Salmon 500g, €5.97,Pets
Leonardo Venison+blueberry, €1.30,Pets
"Trixie Denta Fun Chewing Sticks, Chicken", €2.28,Pets
Felix Sensations Chicken&carrot 85g, €0.57,Pets
Monge Dog Fresh Salmon Foil 100g, €1.28,Pets
Schesir Chicken Fillet & Ham 140g, €1.90,Pets
Gourmet Gold Chicken 85g, €0.81,Pets
Kirkland Siganture Extra-large Absorbent Pads 100pk, €39.95,Pets
Prince Premium Class Pacific Tuna & Rice 170g, €1.89,Pets
Whiskas Casserole Meat Classic Selection 4pack, €2.75,Pets
Trixie Rainbow Balls 4pcs, €1.95,Pets
Trixie Bird, €7.77,Pets
Bird Toy, €1.95,Pets
"Trixie Cooling Bone, Natural Rubber, 11 Cm", €5.26,Pets
Pet Lifestyle & You Merry Woofmas Santas Little Elf-er, €9.58,Pets
Sella & Mosca Cannonau Di Sardegna 750ml, €10.86,Wine Cellar
Kaiserdom Lemon Zero Alcohol 500ml, €1.15,Wine Cellar
Contrada Monte Gorna Etna Rosso Bio 750ml, €15.95,Wine Cellar
Malibu 70cl, €15.70,Wine Cellar
Farina Amarone Della Valpolicella 750ml, €42.79,Wine Cellar
Bollinger Special Cuvee 75cl, €47.82,Wine Cellar
Brussels Beer Project Jungle Joy 330ml, €3.44,Wine Cellar
Bordeaux Blanc Calvet Reserve Calvet 750ml, €8.87,Wine Cellar
Blossom Hill White Zinfandel 750ml, €6.80,Wine Cellar
El Monstruo Malbec Bonarda Arg. 75cl, €9.83,Wine Cellar
Bolla Soave 2021 37.5cl, €5.93,Wine Cellar
9 Mile Vodka 700ml, €18.88,Wine Cellar
Nicosia Generazione 898 Merlot Igt 750ml, €5.98,Wine Cellar
Prosecco Frizzante Docg Corda Gold 750ml, €8.25,Wine Cellar
B&g Beaujolais Villages Passeport 2020 700ml, €9.57,Wine Cellar
Mureda Cabernet Sauvignon Organic 750ml, €3.93,Wine Cellar
Cignale 2012, €54.60,Wine Cellar
La Traversata Vermentino Toscana 75cl, €6.95,Wine Cellar
Kirin Ichiban Btls 330ml, €1.75,Wine Cellar
Malfy Original 70cl, €34.75,Wine Cellar
Sella & Mosca Cannonau Di Sardegna 750ml, €10.86,Wine Cellar
Kaiserdom Lemon Zero Alcohol 500ml, €1.15,Wine Cellar
Contrada Monte Gorna Etna Rosso Bio 750ml, €15.95,Wine Cellar
Malibu 70cl, €15.70,Wine Cellar
Farina Amarone Della Valpolicella 750ml, €42.79,Wine Cellar
Bollinger Special Cuvee 75cl, €47.82,Wine Cellar
Brussels Beer Project Jungle Joy 330ml, €3.44,Wine Cellar
Bordeaux Blanc Calvet Reserve Calvet 750ml, €8.87,Wine Cellar
Blossom Hill White Zinfandel 750ml, €6.80,Wine Cellar
El Monstruo Malbec Bonarda Arg. 75cl, €9.83,Wine Cellar
Bolla Soave 2021 37.5cl, €5.93,Wine Cellar
9 Mile Vodka 700ml, €18.88,Wine Cellar
Nicosia Generazione 898 Merlot Igt 750ml, €5.98,Wine Cellar
Prosecco Frizzante Docg Corda Gold 750ml, €8.25,Wine Cellar
B&g Beaujolais Villages Passeport 2020 700ml, €9.57,Wine Cellar
Mureda Cabernet Sauvignon Organic 750ml, €3.93,Wine Cellar
Cignale 2012, €54.60,Wine Cellar
La Traversata Vermentino Toscana 75cl, €6.95,Wine Cellar
Kirin Ichiban Btls 330ml, €1.75,Wine Cellar
Malfy Original 70cl, €34.75,Wine Cellar
La Chica Gold Tequila 70cl, €14.68,Wine Cellar
Caleo 2021 Negroamaro Igt 750ml, €5.18,Wine Cellar
Jp Chenet Fashion Watermelon 750ml, €6.95,Wine Cellar
Etsu Japanese Gin 43% - 6x70cl, €42.88,Wine Cellar
Deutz Champagne Rose Classic 75cl, €71.47,Wine Cellar
Triplica Greco Di Tufo Triplica 75cl, €12.07,Wine Cellar
Pitters Tawny Port 750ml, €10.22,Wine Cellar
Vinironia Prosecco Organic 750ml, €10.45,Wine Cellar
Bacchus Vermentino 75cl, €5.48,Wine Cellar
Corvezzo Bianco Sauvignon 75cl, €7.95,Wine Cellar
Freixenet Pinot Grigio Garda Doc 750ml, €10.42,Wine Cellar
Frontera Cabernet Sauvignon 750ml, €4.67,Wine Cellar
Moscato D'asti 2022, €5.49,Wine Cellar
Chimay Gold 330ml, €3.08,Wine Cellar
Flinders Rose, €3.49,Wine Cellar
Clarendelle Medoc Rouge 750ml, €22.47,Wine Cellar
19 Crimes The Banished 750ml, €11.37,Wine Cellar
Hawkes Pineapple Punch Cider 330ml Can, €2.87,Wine Cellar
Fireball Cinnamon  Whisky Liquor 70cl, €17.62,Wine Cellar
Kalinska Vodka 1l, €11.98,Wine Cellar
Sierra Atomic Torpedo 355ml, €2.87,Wine Cellar
Zeppi's Rummiena 500ml, €9.95,Wine Cellar
Miguel Torres Santa Digna Sauvignon Blanc Vegan 750ml, €7.82,Wine Cellar
Rustico Rose 75cl, €6.35,Wine Cellar
Diplomático Planas Ultra Premium White Rum 47%, €32.26,Wine Cellar
Kumala Reserve Chenin Blanc 750ml, €8.52,Wine Cellar
Surrau Sole Di Surrau 375ml, €19.95,Wine Cellar
Verdala Frizzante Girgentina 750ml, €4.98,Wine Cellar
Casillero Del Diablo Sauvignon Blanc 750ml, €6.99,Wine Cellar
Chenin Blanc Cape Creek 750ml, €5.80,Wine Cellar
Papa Figos Portugal 750ml, €12.05,Wine Cellar
Jp Chenet Ice Edition Sparkling Blanc 750ml, €6.63,Wine Cellar
Talisker Storm 700ml, €61.89,Wine Cellar
Conde Jose Sauvignon Blanc 75cl, €8.82,Wine Cellar
Drumshanbo Gunpowder Irish Gin With Sardinian Citrus 700ml, €45.61,Wine Cellar
Puiss Saintemilion Chatmoulindecurat 750ml, €17.95,Wine Cellar
Leopard's Leap Chenin Blanc 750ml, €8.21,Wine Cellar
Les Breteches Rouge Chateau Kefraya Lebanon 75cl, €13.22,Wine Cellar
Sierra Nevada California Ipa Can 355ml, €2.90,Wine Cellar
Franziskanser Dunkel 500ml, €2.25,Wine Cellar
Sierra Torpedo Can 355ml, €2.87,Wine Cellar
Flor De Vetus Do Rueda 75cl, €9.95,Wine Cellar
J.koll Liebfraumilch Blue Bottle 750ml, €7.09,Wine Cellar
Leasingham Jam Shed Malbec 750ml, €5.68,Wine Cellar
Santero 958 Rossini 750ml, €7.61,Wine Cellar
Marsovin Citadella White 750ml Exc Empty Bottle, €3.68,Wine Cellar
Chateau Laurens Lnguedoc Faugere Bio 75cl, €9.95,Wine Cellar
Calvet Cabernet Sauvignon 2019 750ml, €5.73,Wine Cellar
Paolini Vino Frappato 75cl, €3.95,Wine Cellar
Nicosia Spumante Gari' Grillo Doc Sicilia 750ml, €8.98,Wine Cellar
Barone Di Bernaj Cabernet Sauvignon 75cl, €3.95,Wine Cellar
Ulysses Chenin Chardonnay 750ml, €11.26,Wine Cellar
Tommasi Ripasso Valpolicella 750ml, €31.61,Wine Cellar
Jacobs Creek Shiraz Cabernet Classic 750ml, €8.69,Wine Cellar
Curatolo Zibibbo Liquoroso 750ml, €18.82,Wine Cellar
Chateau Moulinet La Serre 750ml, €39.85,Wine Cellar
Montecore Primitivo 75cl, €5.95,Wine Cellar
"Dewar's Scotch Whisky White Label, 700ml", €13.91,Wine Cellar
Canti Cuvee Dolce Rose 750ml, €8.11,Wine Cellar
Viu Manent Malbec Rose 750ml, €8.63,Wine Cellar
